Nome file;Testo;L1;Altre_L2;Annualità;Consegna;Età;Scolarizzazione
Cristina007;"
 La Statione 
 C'era una volta una Statione dove sono tanti personi , anche un cane .
 
 C'e molto casino sono anche le Wurstel e un uomo e una donna si baciano .

 Due donne e un uomo quardano sul grande Orolocio .
 
 Un Ladro c'e anche , ache un grosso uomo con una cappa alla testa è fuma .
 
 Una donna bere un caffe .
 
 Sono tanti cofferi e un uomo qurda sulle due ce si baciano .

 Anche una tasca  e un pacceto .
 
 C'e un Tavolo con i macharini e tanti treni .
 
 Una donna aspetava a una sedia e una donna va con un uomo al treno .
 
 ";tedesco,0;0;4;stazione_C;8-13;el
Cristina008;"
 Un Uomo con ha una Zigereta .

 Un Cane che corre .

 Una grande Statione .
 
 Un Bicere che dentro la Cocacola .
 
 Le Uome e le Done chè scendono del Treno .

 Un caffe e cualcosa da mangiare .

 Un molto grande holorogo .

 In statione si cade tra treni .
 
 Sono due che si danno bacci .

 Il Uomo con la Zigereta guarda brruto .

 Un uomo in treno che aiuto un altro .

 E tanto sporco non in cestino .

 Sono anche tante valigie .

 Sono Persone che parlano .

 Una Donna chè aspetà a una persone .
 
 Una lavagnia chè à scrito dove va il treno .

 Sono anche negozi che si può mangiare .
 
 ";tedesco,0;0;4;stazione_C;8-13;el
Cristrina009;"
 In questa stazione sucedono tante cose .

 Alcuni aspetono al treno , alcuni leggono quando viene il treno ,  pure un Barbone e un ladro 
 Questa stazione è disordinata , tutta l' imondizia è per'terra .
 
 C' è un cane che butta tutto per'terra e corr come un pazzo e c' è pure una copia che si bacia .

 Il Barbone ha un capello , una sigaretta in boccha , una barba lungha e una giaccha di pelle .

 Questo Barbone non fa nient altro che fumare e star seduto .

 Invece il ladro guarda cosa può rubare e è vestito tutto in nero con una vaccia arrabiata .

 C' è un tavolo dove aveva mangiato una familia e ci sono anchora le posate .

 Sul muro ci sono delle scritte dei disegni e delle foto .
 ";tedesco,0;italiano;3;stazione_C;8-13;el
Cristina010;"Thema 
 Sulla vignetta c'e una stazione di treni .

 C'e un uomo che a un capello e una sigaretta .

 Ci sono tanti tavoli tutti sporchi e per terra ci sono bicchieri rotti , giornali ,  botiglie , .....

 Sulla vignetta ci sono due morosi che si baciano .

 C'e anche un ladro che corre come un pazzo .

 Nella stazione c'e tanto caos .

 C'e una donna che siede su una sedia e che a il mantello  sporcho .

 Un piccolo cagniolino che corre via una tovaglia che e tutta piena di vino rosso .

 Vicino al treno c'e un uomo che aiuta a un altro uomo a tirare giù delle valigie .

 C'e anche un orologio grande che indica le Ore 2:00 .

 E c'e anche una valicia aperta che cascano fuori delle salsicie .

 Ci sono delle colonne che c'e un manifesto per  andare in ferie .

 Sulle colonne ci sono  anche delle scritte .";tedesco,0;0;+;stazione_C;8-13;el
Cristina051;"
 LA STAZIONE 
 A destra c' è un palo di ferro con su : un foglio di publiccittà , un fogliotto con scritto su qual cosa  e due firma .

 Vicino al palo c' è un cestino con su un disegno .

 Vicino ci sono  delle lattine .
Più in dietro c' è un meccanico .

 Vicino a lui  ci sono  due che si amano .
Si baciono , con vicino a loro la  borsa .

 Il meccanico doveva reparare qual cosa e adesso va a casa .
Dietro di lui ci sono  i treni .

 In uno dei  tre treni entrano due persone .

 Vicino ai amorati c' è un ladro , ruba le cose di loro .

 Mentre un signore fuma un  cane scappa via .

 Mentre due sposi caminano , lì cade giù una scatolo , con dentro delle scarpe .

 Sul pavimento c' è un giornale rotto .

 C' è anche un telo amacchiato , dove non si sà che cosa è sotto .

 Davanti ci sono  delle bottiglie rotte e piatti  rotti .

 Vicino c' è una scatola con salumi .

 Mentre una persona  si chiude le orecchie , tre ragazzi guardano sul orologio quadrato .

 Vicino alla signora sono due tavoli con su delle cose di cucina .

 Il treno ha tante finestrine .

 Davanti alla casetta dove  si può comprare i biglietti , aspettano tante persone .

 ";tedesco,0;italiano,inglese;4;stazione_C;8-13;el
Cristina053;"
 La stazione  !
 Una signora bacia il suo marito .

 Un cane corre via .

 Un nonno che sembra un ladro fuma .

 Una signorina gaurda con il suo amico e la sua nonna il l'orologgio .
Un altra signora è nel treno e prende  la sua valigia .
Un ladro ruba una valigia  grande .
Un ragazzino guarda quando parte il suo treno .
Un altro nonno va via della stazione .
Il meccanico  guarda i due amorati che  si bacciano .
Altri due amorati vanno anche  via .
Una nonna urla .
Un ragazzo saluti i suoi amici .
Due ragazze mangiano panini perchè hanno fame .
Un papà cerca il suo  figlio .
Due uomini parlano delle ferie .
Due treni  sono pena arrivati .
L' edificio dei panini chiude .
 ";tedesco,0;italiano,inglese;4;stazione_C;8-13;el
Cristina055;"
 Alla STAZIONE 
 Questa gente è alla stazione : E' le una tutta la gente sta asspetando all' loro treno , 
 Una signora mangia ma qualcuno ha fatto cadere il tavolo e li cade  tutto giu .
Ci sono anche due uomini che sembrano ladri 
Uno fuma la sigaretta l' altro  si guarda in torno .
Quella signora che è caduto il tavolo  ha visto che era il suo cane che ha fatto questa disordine .
Ci sono anche due amorati che si bacciano perche il uomo deve andare  via .
C'e anchè un uomo che aiuta a salire a una signora con tanti  bagali .
Anchè una coppia che  va a pasegare .
Il mecchanico vuole  partire per fare il lavoro in un altra città .
C'e anchè gente che guardano l' orologo .
PIP PIP si parte .
";tedesco,0;italiano,inglese;4;stazione_C;8-13;el
Cristina057;"
 La stazione un disegno , un cane , una forchetta , una bottiglia , stivali , tre treni , una tazza , l' orologgio , tante persone , tante scarpe , una borsa , un capello , finestre , un mantello ; 
 In mezzo del disegno c' è un cane .
Sul tavolo c' è una forchetta .
C' è anche un mechanico .
C' è anche un giornale sul pavimento .
Sono anche tante persone .
Ci  sono anche tre treni  
Ci sono tre pali .
Davanti c' è un siniore con una lunga barba .
C' è anche una valiggia .
Sulla sedia c' è una borsa .
 C' è anche una fazoletta .
Sono anche pantaloni .
Due persone si baciano  .
Sono anche salumi .
Il treno ha tanti finestrini .
 C' è anche una scatola .
C' è una siniora che ha una gonna .
Sul cartone c' è un formaggio .
Una siniora ha una cintura  .
";tedesco,0;italiano,inglese;4;stazione_C;8-13;el
Cristina059;"
 La stazione bottiglia , bicchiere , persone , cestino , latine , salame , tavole borse , bacciare , camminare , correre , giornale , placate , banditi , uscita , piatti , treni , vetro , parlare , pantaloni , maglie , un cantiere , ferro , scatole , sedia , tasse , pane , scarpe , cappello , capelli , vino , succo , gomme , muri , calce , ladro 
 La bottiglia di vino è vuota .
Il cane corre velocissimo .
I treni è nella Stazione .
Due persone si sulatano perchè una persona guidano via le placate e alle muri .
I giornali per terra .
La donna siede alla  sedia .
Una pachetto e per terra , nel  pacchetto ci sono salsicce e un pane .
Una borsa di vestiti è vicino due persone che bacciano .
Sulla tavola ci sono tasse , una bottiglia una bicchiere una forca , serviete e folietti .
Una donna ha scarpe grande .
Un cestino è  vicino al treno un altro e vicino dal muro dove un placato .
Un falegname e vicino dal treno con attrezino .
Un l' orologio e sopra del tavolo con tasse di caffè .
Un' uomo portare un pacchetto grande .
Una persona e  davanti alla uscita .
";tedesco,0;italiano;4;stazione_C;8-13;el
Cristina060;"
 Io vede : bagalio , un cane , scarpe , tre treni , personi che caminano , una XXX , un mechinico che ripara , picieri , un grande oroloco , una satola , tante porse , un cornale ,  un latro che scaba con un pagalio ,una persona ce fuma , una persona si guarda sull'oroloco , tavole puliti , persone che parlano , persone che vanno via dalla grossa stazione , persone  che vengono , persone che vano in un grande treno , una persona piance , una persona che aiuta una altra persona , il pabimendo è sporco , persone con mani in  tasca in pantaloni , 
 ";tedesco,0;italiano;4;stazione_C;8-13;el
Cristina062;"La stazione 
 Nella Stazione sono tante cose e persone che : rubano , fumano , aspetano , entrano , si bacciano , spaventare , guardano , tavolo , cestino , carta , cicca ,  tante borse , tanta carta , cane , cartone , l'orologio , sedia , botiglie , pane , capello ,  treno eletrico .

 Nella Stazione c'è una una signiora che è seduta  ad un tavolo che è caduto e la siniora si è anche spaventata .
Nella Stazione c' è un  nono che fuma una cicca .
2 Persone si baciano .
1 Persona guarda quando il treno elletrico  parte .
Il cane scapa dalla signiora e la  signiora si spaventa .
Una persona telefona calcuno .
Una persona va ha comprare  cualcossa .
2 Persone che entrano nell' treno elletrico .
2 Persone che guardano i biglieti Sono 2 Persone che guardano le persone";tedesco,0;italiano,inglese;4;stazione_C;8-13;el
FrancescaGallo033;"
 Ci sono molto gente che aspetano sul binario ...
e la una e tre treni sono arrivati .
se puè vedere un mecanico con i  suoi instrumenti , uno ragazzo e la  sua ragazza che se abbrazano , un uomo vecchio che sta fumando ,  un altro più giovane cercha dove andare e ha paura de qualcosa ...
la polizia ? 
Non sappiamo perche sono tante tavole nel cuesto posto ! 
Ma ci sono ...
E una scena un pò caotica , sono tante cose cadute sulla terra ; bicchiere , botiglia di vino , piati ...
Nessuno sembra interesato per gli treni , mà è dovè è  questa stazione ? 
";francese;inglese;2;stazione_C.txt;oltre;un
FrancescaGallo034;"
 Sul binario di questa stazione possiamo vedere molto gente e tre treni .
La prima vista cé un vecchio con un capello e una pigonetta .
Un cane corrie .
Un ragazzo e una ragazza sono enamorati e se dano un braccio .
Credo  che  cé un ragazzo che vuole robare qualcuno .
Ci sono le due al orologio .
Una  tavola cé preparata per la cena ? 
Ci sono pachetti aperti con maceleria i dolce ! 
A la destra , un ragazzo viene per "" reparare ""?? un treno .
Una vecchia è seduta e sembra angosra ma non sapiamo perchè.
Ha perso la sua valigia ? 
Un uomo aiuta una ragazza che è nel treno .
Lei da la sua valigia .
Il binario e molto sporco .
 Bisogna  pulirle .
Ci sono molti giornale bicchiere .
Ho scoperto che una tavola è ( renversée ) è perchè la vecchia sembra affolata .
è una vista molto strana !! 
";francese;inglese;2;stazione_C.txt;oltre;un
FrancescaGallo036;"
 In questa stazione ci sono treni che sono arrivati .
Normale .
Ci sono anche molte gente che sono qui , che stanno arrivadi o che vogliono andare via .
Ma che fanno gli altri ? 
è l' una .
il tempo del pranzo .
C' è un resturant nella stazione , ma è un "" bordello "" totale .
C' è un cane che sta traversando la stazione e che ha messo tutto parterra .
Un uomo alto sta fumando , un altro , piu giovane , sta tirando una valigia , una coppia si fanno i baci .
Dintra , un mecchanico li guarda .
E' veramente una scena caotica .
";francese;inglese;2;stazione_C.txt;41-50;un
FrancescaGallo037;"
 È una strania stazione : si può videre le gente che partano in viaggio : per esempio ci sono due persone che si bacciano , e che hanno valligie con loro .
Ci sono anche treni , binarii .
Ma , che fa la tavola , a sinistra ? 
E perche  vediamo una donna , sulla sedia , in medio della stazione ? 
Questa stazione non è  pulita : ci sono molte cose sul ( par terre ) : un vecchio giornale , becchieri , crossanti ecc ...
E che fa questo cane , corrente , dove va ? 
In centro  dell' imagio , si puù vedere un uomo : brutto , con la sua valligia :  sta arrivando , va a l' uscita .
Ma , questa imagio è difficile a descrivere : sono tante cose che non vanno insieme ! 
";francese;inglese,tedesco;1;stazione_C.txt;oltre;un
FrancescaGallo070;"
 Era l' inizio delle vacanze di Natale .
La stazione era piena di turisti che correvano in tutte le direzione con le loro valigie .
C' era molto rumore quando sono uscita dal treno .
Ho ritrovato il mio amore che aveva già aspetto un ora che il treno arivasse .
La stazione era piena di gente triste e content .
Quando mi sono avvicinata del mio amore , ho cominciato a bracciarlo e abbiamo sentito che qualcosa si era rovesciato .
Qualche secondo dopo , abbiamo visto un cane correre velocemente come se il diablo fosse dietro lui .
Aveva rovesciato una tavola e aperto la valigia della donna .
Davanti a noi , c' era un uomo vestito come qualcuno che dormi fuori .
Mi piaceva molto immaginare a che cose la gente poteva pensare vendendo le loro faccie .
Dietro a lui c' era l' uomo arrabiato che non è mai contento dei treni e a destra il meccanico che noi invillava molto .
";francese;inglese;+;stazione_C.txt;19-25;un
FrancescaGallo072;"
 Siamo in una stazione , c'è al primo piano una tavola con diverse cose .
C' e anche un' uomo un pò vecchio .
chi sta fumando .
Un giornale è al suolo , e un cane corre verso noi .
Tre persone sono affolate , un' uomo che assomiglia al' uomo in primo piano , e una coppia .
Un altro coppia si situa un pò davanti a loro .
Ma questo coppia non è affolato perchè  si fanno un baccione .
Ci sono tre valigie accanto a loro .
Tre treni sono in ritardo , ma uno dovrebbe partire subito .
Una donna si è siedeta viccino a una tavola rovesiata , dovunque si sono molti cibi per terra a causa del cane che corre 
Al fondo della stazione c' e un Ristorante in cui due persone avevano comprato una Coca Cola e l' hanno messo per terra fuori dal bidone della spazzatura .
L' orologio mostra che ci sono due ore del pomeriggio .
";francese;inglese;+;stazione_C.txt;14-18;un
FrancescaGallo073;"
 Nel imagine è una scena di tutti i giorni in una stazione  ferrovia .
In questa stazione i treni vengono fermarsi in fondo con uno binario unico .
C'è uno piccolo cane correre perchè il suo( a ) patrone ha lasciato la fune .
Il binario non è pulitto perche uno giornale trena pertera , una tavola è rovesciatta e Due personne se baciano  ";francese;inglese;+;stazione_C.txt;31-40;un
FrancescaGallo074;"
 Si trova in una stazione all' inizio del pomeriggio .
Ci sono tre treni che sono al binario .
Si può Pensare che uno dei treni ha un problema perchè si vede un meccanico , a destra dell' imagine .
La stazione sembra affollata , rumorosa .
Effetivamente , si può vedere molti cosi al suolo come un giornale .
C'è anche un cane , completamente pazzo che sta correndo , e che ha rovesciato la tavola sulla quella una donna mangiava .
Ma purtroppo , la tavola è caduta  da un lato .
Di più, si può parlare di qualcuno , al centro dell' imagine , che sembra essere un ladro .
Pensa che rubi una valigia .
E' probabile che la valigia sia la possessione del uomo o della donna che si abbraciano .
Devono dirci arrivererci .
In fondo , ci sono  molte persone che  aspettano probabilmente il loro treno .
Invece , davanti all' imagine , c'è anche un uomo vecchio che fuma e riguarda ciò che succede nella stazione .
Può pensare che è motto povero e non ha casa sua .
";francese;inglese,spagnolo;+;stazione_C.txt;19-25;un
FrancescaGallo075;"
 Nella stazione ci sono molte persone .
Una donna sta seduta in un ristorante dentro la stazione .
Ci sono due rubatori vestiti come mecanichi .
Uno rinversa la tavola della donna e anche le sue valigie .
L' altro prende una valigia chiusa e vuole partire .
La valigia appartiene ad una coppia amorosa che sta baciando .
I rubatori sono accompagnato da una ragazza con capelli corti .
C'è un giornale al suolo e qualunque rifiuto vicino alla pattumiera .
Davanti se vede la testa di un uomo vecchio chi fuma .
C'è un altro mecanico con una cassetta degli arnesi che guarda i rubatori .
Ai binari ci sono tre treni .
Una donna nel XXX da una valigia ad un uomo che sta sul binario 
C'è un orologio che mostra  che sono le due .
Piu al fondo ci sono qualche giovane puntè.
Ci sono pubblicità per Coca-cola e altre cose al fondo sopra l' ingresso .
Fuori fa buio .
Un piccolo cane binanco cammina 
";tedesco;francese,inglese,svedese;?;stazione_C.txt;19-25;un
FrancescaGallo076;"
 La scena si svolge in una stazione , sul binario davanti ai treni .
Vediamo molte persone facendo diverse cose .
Un uomo , vestito in nero , sta rubbando una valigia e un mecanico lo guarda .
Una donna stava mangiando quando un cane fa cadure la sua tavola .
Una delle sue valigie è aperta e la salumeria che conteneva è per terra .
Vediamo anche un uomo bracciare una donna .
Al fondo , c'è un gruppo di tre persone .
Penso che loro fossano aspettando una quarta persona chi è appena arrivata , perchè la salutano , ma non la vediamo .
Uno di questo gruppo è un punk , si vede ai capelli .
sul secondo binario , un uomo aiuta un altro a portare una valigia nel treno .
Al primo piano un uomo Con una grossa barba sta fumando e guarda un afficio sulla prima colonna .
al suolo , c'è un bidone della spazzatura , probabilmente pieno perchè vediamo bichieri di cartone vicino a lui .
";francese;inglese;+;stazione_C.txt;19-25;un
FrancescaGallo077;"
 Mi riccordo bene di questa stazione .
Era nel pomeriggio , a due ore esatamente .
C' era molta gente e dunque la stazione era molto rumorosa .
La gente era molta diversa .
C' era un meccanico accanto a un treno .
A destra di lui , c' era una coppia che si facciava dei baccioni .
Non so esatamente che cosa succedeva qui , ma c' erano diverse valigie aperte per terra , e a causa di questo incidento , c' era del cibo al suolo .
Questa stazione era molto sporca con dei giornali per terra anchè.
E il bidone nella spazzatura era pieno .
Di più, un cane si era mettuto a correre attraverso la stazione , e il proprietario del cane ( era una donna ) lo chiamava ma il cane continuava a correre .
C' erano anche diverse tavole , dove la gente poteva mongiare e bevere .
Su queste tavole , c' erano delle tasse a cafè o ancora , una boteglia di vino .
Forse che i clienti avevano comprato tutto questo nei negozi di alimentazione , in fondo alla stazione .
Mi riccordo di un uomo che fumava una cigaretta ; aveva una barba e guardava tutta la scena senza muovere .
";francese;inglese;+;stazione_C.txt;14-18;un
FrancescaGallo078;"
 Oggi , non avevo niente da fare dunque ho deciso di andare alla stazione per guardare la gente perchè trovo che è interessante di osservare il comportamento della gente .
Per comminciare ho visto una copia inamorarsi che si fa tanti bacci .
penso che la donna piangeva .
Al stesso tempo uno cane ha corso nella mia direzione , è passato sotto la tavola di un ristorante dove una donna mangiava e questo piccolo cane ha fatto cadere la tavola da un lato e tutte le cose che si trovavano sul questa .
Era un vero disastro ma molto divertente ...
In fondo , sotto la grande orlogio , c' era due personni che si arrabia perchè il treno era in ritardo di trenti minuti .
E imprerionante come la gente non ama aspettare oggi ! Non è permesso il ritardo , non ha il tempo di aspettare .
vude tutto adesso ...
Alle una un treno è arrivato , una copia è scenduta con le valigie e la copia del primo si ha abbraciati di nuovo prima di andare vicino al treno , l' uomo porteva le valigie e la donna piange molto .
Forse non si rivedranno ...
Un meccanico passava alla mia destra per andare davanti a la bigliettera in fondo alla stazione .
";francese;inglese;+;stazione_C.txt;19-25;un
FrancescaGallo079;"
 Arivo alla stazione alle due per prendere il mio treno per Parigi.
Sono in anticipo , approfito di tenere tempo per guardare cosa sta succe- dendo nella stazione .
Come nelle tutte stazioni , ci sono pieni di gente che aspettano il loro treno ma alcuni mi chiamano l' attenzione .
A destra c'è un meccanico che va a riparare un treno .
Quello va ancora avere ritardo ! Il meccanico sta guardando una coppia .
siccuramente stano dicendosi arrivederci perche si abbracciano .
L' uomo si va in viaggio , forse per affare .
Nel centro della stazione si trova un' uomo vestito di nerro .
Può essere un rubadore perche ha la cara chiusa e minacciata .
Dietro di lui , c'è altra coppia che sembra par- tire insieme per viago per vacazione forse .
Ma è disturbato per le valigie di una donna con cappo a sinistra che stanno volando nella stazione .
Questa ultima donna è panicata perche il suo  cane ha rovesciato la tavola sulla che stava mangiando prima di prendere il suo treno .
Tutte le sue valigie sono cadute e il cibo è sul suolo .
Mentre che sta gritardo , il suo cane sta fugiendo troppo felice di essere libero .
Nel primo piano , c'è un uomo , un marino pro- babilmente che guarda tutta la scena come io .
Non interviene , solo sta qui , imperturbabile .
Al fondo della stazione , c'è gente che sta guar- dando l' orologio per verificare se sono all' ora .
La scena è in disordine , si passa qualcosa in tutti i lati .
E' troppo per me , me ne va tornare un caffè al calmo ! 
";francese;inglese,spagnolo;+;stazione_C.txt;19-25;un
FrancescaGallo080;"La scena si svolge alla stazione .
Ci sono tre treni e ci sono soppratutto tante personne sul binario .
Nel primo piano c'è un vecchio uomo che sta fumando .
Vicino a lui ci sono un giornale e un cane che sta correndo .
Questo cane ha probabilmente causato un accidente perchè si vede una tavola che è caduta ( ci sono cose al suolo ).
Vediamo anche al centro della "" fotografia "" un uomo che sta rubando una valigia , probabilmente il meccanico l' ha visto perchè guarda nella sua direzione .
A canto al meccanico ci sono due personne che si fanno baccioni .
Nel fondo della pittura ci sono deverse personne ma non vedo bene cosa fanno .
Posso distinguare un gruppo di tre amici che dicono "" bye- bye "" a qualcuno in un treno .
Al fondo della stazione c'è un ristorante , piutosto di tipo "" fast food "".
C'è anche un' enormo orologio che indica 2 ore .
sulla prima colonna c'è una foglia ; forse è una promozione per fare un viaggio su un' isola dove ci sono sole e mare .
Alla mettà della pittura c'è una vecchia dona che sembra seffire a causa del rumore .
Finalmente si vede un uomo che sta aiutando una dona a portare la sua valigia nel secondo treno .";francese;inglese;4;stazione_C.txt;19-25;un
IRENESUS005;"
 La scena si svolge in una stazione .
In primo piano c'è un vecchio uomo che fuma .
In secondo piano c'è un alttro uomo che assomiglia a un ladro .
Due persone si bacciano .
Dietro di loro c'è un meccanico che li guarda .
Dietro il ladro ci sono anche due persone , una donna ed un uomo .
L' uomo fa cadere i suoi pachetti che contengono scarpe .
Ha già fatto cadere un altro pachetto che contiene salami .
Un cane fugge e fa cadere una bottiglia dei piatti e delle tazze che si trovavano su un tavolino .
La tovaglia è macchiata .
Una donna stava mangiando .
Vediamo tre treni fermi sul binario .
";francese;inglese;+;stazione_C.txt;19-25;un
Maria010;"
 Vediamo una stazione con le treni e alcuni personaggi .
C' è una coppia con parecchhi bagagli che si congeda con un bacio intenso .
Alle spalle dell'uomo un alto uomo dai vestiti nero ruba la sua valigia .
In questo momento un piccolo cane corre attraverso la stazione e rovescia una tavola apparecchiata con piatti , cibi e bevande .
La donna che sta seduta a questa tavola si tappa le orecchie e la tovaglia è imbrattata .
Nel primo piano c'è un uomo con barba e berretto nero che fuma una sigaretta .
Sul mmarcia piede c 'è un altro uomo con una cassetta degli arnesi che osserva la situazione .
Sul orologio sopra la XXX segna l'una .
";tedesco;inglese,francese,cinese;?;stazione_C.txt;30-40;un
Mariantonietta062;"
 In questa stazione, posso vedere molte persone e è all'una.
Qualche personna con loro valigie vogliono prendere un treno.
Ma posso vedere che questa stazione è sporsa e disordinata perchè il pavimento è sporso.
Su il pavemento ci sono un giornale e dei piatti e una macchia.
 Poi, posso pensare che c'è un grosso problema in questa stazione perchè c'è un uomo bizarre.
Penso che questo uomo ha provato prendere qualcosa a qualcuno senza domandare.
Poi, posso vedere una donna seduta con una gonna chi prova a non ascoltare il rumore.
Finalmente penso che l'uomo bizarre è un uomo chi ha fatto qualcosa di male perchè qualche persone lo vdonno.
 ";francese;inglese,estone;?;stazione_C.txt;19-25;un
Yasmine004;"
 La scena si svolge in una stazione.
 Vediamo parecchie persone che fanno cose totalmente diverse.
 A destra due fidanzati si abbracciano e dietro di loro, c'é un uomo che li guarda.
 Al centro, un uomo che sembra rubare una valigia, e ne spinge un altro.
 Quest' ultimo lascia cadere per terra i pacchetti che portava in cui c' erano delle scarpe e del salame.
In primo piano il viso di un uomo appare che fuma una sigaretta.
 A sinistra, vediamo una tavola apparecchiata.
 Accanto a questa, una donna é seduta e sembra spaventata perché il suo cane é partito e una tavola si é rovesciata.
 In primo piano c'é molto casino ( giornale per terra, tavola rovesciata...
) mentre in secondo piano, tutto sembra più organizzato.
 Sul fondo, vediamo un orologio e delle persone che sembrano aspettarne altre sul binario.
";francese;inglese,tedesco;+;stazione_C.txt;19-25;un
Yasmine005;"
 Sono le due .
alcuni  giornali sono per terra nella stazione .
Due viaggiatori si stanno  abbracciando, per dirsi arrivederci .
Al primo piano un vecchio uomo fuma una sigaretta .
Un uomo sta guardando  verso un cane , forse perché é stato lui a versare la tavola  del ristorante della stazione .
In fondo un viaggiatore consegna i suoi bagagli  per metterli sul  treno .
A destra , c'é un meccanico  che forse ha riparato  il treno .
Al centro c'é un' uomo tutto vestito di nero , ed a destra , sulla colonna , c'é una vignetta di viaggio .
";francese;inglese,spagnolo;4;stazione_C.txt;19-25;un
Yasmine006;"
 In questa foto vediamo che la scena si svolge in un ristorante  che si trova in una stazione .
Al primo piano c'é un uomo che sta fumando .C'é un giornale per terra .
Si vede anche una coppia che si bacia e vicino a loro c'é un ladro che ruba  una valigia  forse quella dell' uomo .
il  meccanico  dei treni vede la scena ma non reagisce .
Le tavole sono in disordine nella stazione .
Un cane sta fuggendo .
Una donna è seduta e guarda con stupore il disastro .
Sono le due del pomeriggio .
Penso che questa scena mostri la società nella quale viviamo dunque in cui non vediamo più quello che succede attorno a noi , una società individualista .
 ";francese;inglese,spagnolo,polacco;+;stazione_C.txt;19-25;un
Yasmine008;"
 L' ambiente rappresentato è l' interno di una stazione .
Molte cose stanno succedendo allo stesso tempo .
A destra c'é una coppia che si sta abbracciando .
Ci sono tre tavoli apparecchiati uno cade per colpa di un cane agitato che ha perso la maestra.
pertanto tutto quello che c' era sul tavolo é rotto per terra .
Questa stazione é molto sporca perché ci sono bevande il cui liquido si spande a terra e c'é diversi rifiuti per terra.
C'é un' orologio in fondo che segna l' una ( forse ).
Al primo piano c’é un uomo che sta fumando .
L' ingresso della stazione é al fondo .
Poi ci sono altri gruppi di persone ma non si riesce a distinguere esattamente quello che fanno .
In fondo presumo che ci sia uno snack perché si vedono hambourger , bevande .
A destra della scena c'é un meccanico che probabilmente deve riparare un treno .
 ";francese;inglese,spagnolo;+;stazione_C.txt;19-25;un
Yasmine009;"
 La scena si svolge all' interno di una stazione .
Sono le due , e la stazione é affollata.
Molte persone si incontrano .
al centro notiamo col suo vestito nero un ladro.
Forse sta cercando qualcosa o qualcuno , o di non essere sorvegliato dalla polizia.
Dietro di lui , una donna lo sta osservando, come se avesse capito le sue intenzioni di rubare qualcosa.
Nell' altro lato, una coppia si bacia ed abbraccia prima di partire .
Tutti i bagagli sono per terra , ai loro piedi .
Un uomo vicino al treno , sembra guardarli.
Ha una maglietta e una chiave da meccanico in mano .
La donna che sta osservando il ladro é accompagnata da un uomo sicuramente suo marito.
Il poveretto é carico di pacchetti pesanti , uno di questi cade sul tavolo.
A causa di questa caduta , un cagnolino si impaurisce e fugge dai piedi della maestra che lo chiama ad alta voce 
";francese;inglese,spagnolo;4;stazione_C.txt;19-25;un
alice014;"
 Si vede la stazione del treno , e tanta gente .
C' è un uomo con un mazzo di fiori  che cerca disperato la sua fidanzata .
Vicino lui , c'è una coppia che si bacia appasionatamente e per terra ci sono i bagali ...
si vede che uno dei due deve prendere il treno .
Dietro loro , su uno dei treni c' è una donna e anche un uomo che l'aiuta a scendere .
 In fondo , a sinistra ci sono tr persone  che guardano in alto , forse  l' orologio .
Piu avanti c' è una signora seduta un po spaventata , magari anche un po arrabbiata perche un cane è passato di corsa mandando per area il tavolo dove lui mangiava,  per terra c' è la botiglia e per aria i panini .
Si vede anche la testa  di un  vecchio con barba e cappello e ne ha  qualcosa in bocca Vicino al cestino ci sono dei bichieri e un giornale 
";Spagnolo,0;?;?;boscstazione_C.txt;19-25;sup
alice020;"
 Il disegno mostre una serie di eventi , che succede ad una stazione .
Al binario più vicino , vediamo  una coppia che sta bacinando mente un giovane vestito in jean e capello ruba la valigia sua .
A sinistra , vediamo una situazione con una  donna .
La  sua tavola è caduta  a causa di un canino , di cui nessuno ha  controllo .
La donna , chi stava per mangiare è veramente degustata al fatto  che ha perso il suo pranzo .
Il ladro della valigia si ferma perchè il cane gli ha fatto  paura .
I due uomini dietro  di lui  sono anche stupiti ; infatti uno  butta la  sua scatola nell' aria con sorpresa .
Si vede che la stazione è un po' sale .
C'è  un giornale di ieri , con gli informazione di ieri , è nesuno lo legge .
C'è graffiti , lattine vidi, e vecchia pubblicità per vacanze all' estero .
C'è un atmosfera veramente scuro .
Un mecanico a destra della coppia , guarda bene il ladro , dappertutto , sarà  timore della crima .
";Inglese,0;Francese;3;boscstazione_C.txt;19-25;un
antonellaG003;"
 E' l'una alla stazione di Napoli - deve essere  Napoli perchè è sporchissima .
Accanto al meccanico chi vuole riparare qualcosa del treno , c'è una coppia che sta  baciando mentre un ladro sta rubando la loro valigia .
Nel fondo c'è un vecchio che sta  guardano la situazione e non fa niente .
Al tavolo siede una donna non vecchissima ma neanche giovane .
Sta gridando  perchè il suo cane è corso via e ha abbattuto il tavolo della sua padrona che adesso ha il  cibo sulle ginocchia .
Nello sfondo ci sono ancora dei passeggeri che stanno salendo su  una treno e c'è altra gente che sta parlando , aspettando o guardando .
";tedesco,0;inglese;3;stazione_C.txt;19-25;un
antonellaG008;"
 In stazione La stazione dell'immagine è molto caotica .
C'è tanta gente vicino ai binari  una donna sta seduta a un tavolino .
In primo piano vediamo un vecchietto con barba e  berretto .
Al centro c'è una persona vestita di nero con un'espressione arrabbiata .
Si guarda  intorno come se avesse rubato qualcosa e dovesse scappare .
Inoltre si vede una coppia di amanti  che si abbracciano e si baciano come se non si fossero visti da tanto tempo .
In questa stazione  ci sono anche dei tavolini che forse appartengono a qualche ristorante .
Uno dei tavoli però è  caduto , probabilmente l'ha fatto cadere il cane che gira liberamente e sembra essere  scappato .
  ";tedesco,0;inglese;+;stazione_C.txt;19-25;un
antonellaG010;"Nella stazione alle 14 succedono tante cose .
Nel primo piano si vede un  uomo che porta un cappello e che guarda una coppia che si abbraccia .
Le borse della coppia ci sono a  terra e le due sono solo occupato con se stesso .
Anche un altro uomo che passa per riparare il treno  vede come la donna e suo ragazzo baciano .
Ancora un altro uomo passa accanto della coppia con  una valigia .
Lui fa l’impressione di fuggire di qualcosa .
Gli abiti sono neri e lui guarda  cattivo , si trova nel centro di questa situazione anche perché lui ha colpita le valigie di una coppia  che è appena arrivato .
Una valigia sta ancora volendo e un’ altra è caduta sulla tavola di una donna  abbastanza vecchia.
Mentre la donna è ancora seduta con le mani sul testo il suo cane corre via .
Dietro si può vedere dei giovanili che guardano un treno che parte .
Due  altri treni sono arrivati e aspettano di poter patire di nuovo .
La stazione non è in ordine perché a  terra ci sono delle cose come per esempio un giornale .";tedesco,0;inglese,francese,latino,russo;+;stazione_C.txt;19-25;un
antonellaG016;"
 Cosa sta succedendo in questa stazione? Ci sono molte cose che stanno succedendo nella stazione .
Si può vedere tre  treni e  molte persone .
Nel centro c'è un uomo che secondo me ha l'aspetto di un ladro  perchè indossa vestiti neri e una berretta nera .
Fianco di lui c'è una coppia che si sta  dando un baccio .
Il ladro sta rubando la valigia della coppia .
Alla destra sta sedendo una donna con il suo cane ma la donna sta gridando  perchè il cane sta correndo via .
Davanti alla donna c'è un tavolo , sull' tavolo ci  sono una bottiglia , un bicchiere , una tazza con un pacchette di zucchero e un piatto .
In primo piano si può vedere la testa di un uomo con la berretta grande e  nera , una barba bianca e una sigaretta .
Sull'suolo c'è un giornale .
  ";tedesco,0;inglese,spagnolo;1;stazione_C.txt;19-25;un
antonellaG017;"
 Alla stazione! È l' una ed alla stazione ci sono molte persone .
Si vede tre treni .
Al mezzo treno ci sono due persone .
Uno delle due  sceglie con le sue valigie.
L'altra  fa segno a le .
A sinistra si vede una donna seduta che chiama il suo cane , perché lo é  corso via ed inoltre il cane ha fatto un casino .
Accanto a le c'é una coppia.
E, l' uomo della  coppia porta troppo ; e  così lui lascia cadere una valigia ed un pacchetto .
Vicino a gli c'é un uomo chi sembra cattivo perché lui porta di vestiti  scuri .
Acconto a gli , a destra c'é un'altra coppia .
Queste persone stanno  abbracciando e baciando .
Lo sembra che la coppia si accomiata .
";tedesco,0;inglese;1;stazione_C.txt;19-25;un
antonellaG025;"la stazione Sono le due in  questo momento in questa stazione  , se l'orologio funziona in modo corretto .
Non è precisamente ciaro  , che cosa è  successo , ma una scatola con le scarpe è stata scagliata .
Un cane corre via, forse lui ha fatto caduto uno dei tre tavoli e quindi anche la scatola .
Ci sono 22 persone , che fanno le cose diversi .
Per esempio un uomo chi sembra molto strano e porta i vestiti neri.
Forse è un bandito .
Ci sono anche un elettricista, due persone , che si baciano  , probabilmente perchè non si hanno visto da un tempo lungo .
Ci sono anche dei tre treni .";tedesco;inglese,latino,greco;3;stazione_C.txt;19-25;un
Clarapanico003;"La scena è alla stazione .
Ci sono molti gente .
E' alle dodici .
C'è una tavola è una  donna sedersi vicino .
le cose sulla tavola sono adesso sul  pavimento , probabilmente   a causa del  piccolo cane .
C'è un confusione .
Al centro c'è un uomo sembra strano , vestirsi in cose neri .
Lui sta guardando a qualcosa non in scena .
C'è un altro uomo sta guardando nello stesso direzione .
Tutt è due hanno capelli .
C'è una copia stanno bacciando e non vedono nulla del confusione .
Un' latra copia vedono la confusione e  sembra arrabiata .
Un' uomo chi  forse mantenere i treni sta guardando .
Ci sono 3 treni visibile alla stazione ma non lo so se loro in partinenza o arrivi .
Il cane va in direzione che le due uomini strane  stanno guardando .
Quindi forse c'è un' altra persona li .
Questo non è chiaro .";inglese;?;3;stazione_C.txt;19-25;un
Clarapanico006;"
 In centro c'è un uomo chi indossa tutti in nero .
davanti a lui un cane sta correndo e ha appena tirato la tavola di una donna .
tutte le sue cose rimano sul pavimento , e il cane ha cansato un uomo , indietro dal primo uomo , a predere la sua scattola di scarpe in aria un meccanico guardando gli amorosi che si sta bacciando .
al fronte dell' i| mmagine c'è un uomo con una barba bianca ed un cappello caldo .
Porta una sigaretta in bocca e guarda  quell' uomo di nero .
il cane ha fatto la povera donna sporca del cafè tirato .
e lui sta correndo per scapare la donna e leggere il giornale sul pavimento davanti a lui .
";inglese;francese;4;stazione_C.txt;19-25;un
Clarapanico009;"
 Noi sono stati alle due nella stazione centrale .
Una vecchia  stava mangiando  pranzo quando il  suo  piccolo cane ha scappato da sotto la tavolina .
 la tavola cadeva .
Una coppia stava  facendo  salute   perche l' uomo andrebbe via .
Mentre la coppia stava baciando un ladro  è arrivato  pigliava la bagiglia del' uomo .
La coppia non hanno visto niente .
però il ladro stava avvicinando la piccola cane e non guardava alla terra .
Un vecchio  ha visto il ladro da lontana  Il ladro e il vecchio sono vestiti lo stesso forse  stanno facendo la rapina insieme .
Al fundo un operaio ha visto il ladro , lui si  confondava .
";inglese;?;4;stazione_C.txt;19-25;un
Clarapanico011;"
 Sono le due di pomeriggio a una  stazione ferroviaria .
Un uomo che sta per partire è in un' abbraccio con una donna .
Deve avere gli  occhi chiusi perche  non vede il ladro rubando  la sua valigia .
C'è un cane che corre nel mezzo della zona dove c'è un cafe .
Sembra che il cane abbia sorpreso una donna che era seduta a un tavolo così tanto che lei ha rovesciato la tavola e tutto è caduto in terra .
 C'è un' uomo che porta delle scatole e sembra che anche lui sia  un pò sorpreso perchè una delle scatole sta per cadere .
";inglese;tedesco;+;stazione_C.txt;19-25;sp
Clarapanico014;"
 L' immagine è a una stazione ferrovia alle due del pomeriggio .
  Mi sembra che un cane abbia rovesciato una tavola ,  tutto è capovolto e una donna che era stata seduta alla tavola ha un' espressione  d' orrore  e tappa le orecchie a causa del remore .
Forse un treno è appena arrivato , un  uomo vestito di nero sta  tirando in fretta la sua valigia .
Vicino di lui un alto giovanotto con un lungo impermeabile sta baciando una signorina bionda che porta pantaloni e   stivali neri ; un mecchanico con i suoi attrezzi li riguardo , forse trovi la ragazza attraenta .
La primo piano si può vedere un vecchio con un capello di lana che fuma .
";inglese;francese;2;stazione_C.txt;oltre;un
Clarapanico016;"
 Molte cose sta succedendo alla stazione .
L' ora è alle due al pomeriggio .
Allo sfondo una coppia partono al treno , e un gruppo da gente aspettano per un amico .
Poi mentre una giovane coppia abbracciarsi , un ladro ropina la sua valigia .
Una donna vede il ladro ma non fa niente , e  il suo marito studia una carta .
Un cane che ha scappato dal suo padrone ha creatato il caos .
Corre attraverso la banchina , e    mette una tavola della ristorante sul pavimento .
La donna che seda alla tavola è schioccato perchè il suo cibo e le bevande sono rovinato .
La stazione è sporca - ci sono i rifiuti sul pavimento , e un vecchio uomo che porta un capello di lana guarda la scena .
";inglese;francese;4;stazione_C.txt;19-25;un
Clarapanico022;"
 C'è un ladro che ha rubato la borsa ad una donna che stava  seduta a un tavolo mangiando .
Il ladro sta correndo  via e ha fatto saltare in aria un cestino di cibo .
C'è un  uomo vecchio che sta fuma-| ndo .
Il  cane della donna che stava mang-| iando e poi fu  attachata dal ladro se ne sta scappando .
Ci sono due inamorati che si stanno salu-| tando perche  uno dei due se ne sta per andando  nel treno .
";tedesco;spagnolo;4;stazione_C.txt;19-25;el
Clarapanico027;"
 Ci sono le due del pomeriggio , siamo nella stazione .
Al primo piano , c'è un' uomo che sembra guardare la scena .
A sinistra , un cane è appena passato sotto la tavola di una donna , bosculando tutto quello che era su .
A destra , al lontano , un' uomo aiuda una donna per mettere la sua valigia nel treno .
Più presto , un reparatore guarda gelosiamente una coppia imbrassarsi mentre un ladro ruba una borsa .
";francese;inglese;+;stazione_C.txt;19-25;un
Clarapanico034;"
 Nella stazione pricipale un  uomo che  era scappato da una prigione cercava un posto per nascondersi .
Inizialmente ha provato  a rimanere sotto un tavolo , ma una donna ci  si è seduta per mangiare qualcosa prima di partire sul treno .
La donna ha sentito qualcosa sotto il tavolo con i piedi e poi è emerso l' uomo , faceva cadere tutto dal tavolo , le scattole della donna  volavano in aria e il suo cane se ne andava da paura .
La  donna è  alcuni  persone si sono girati a vedere l' uomo che stava cercando un altro posto per nascondersi prima del arrivo della polizia .
";inglese;tedesco;4;stazione_C.txt;19-25;un
Clarapanico049;"
 Luigi e Maria hanno incontrato un minuto fa, ma l'instanto che si hanno visto, si innamorano.
Loro si bacciano, e non vedono il rubato che la sua porsa ! Un cane lo ha visto, e lui corre volore provare rotornare la borsa   a Maria.
Ma, ora il cane vede a basura, e lui piace molto la basura.
Allora, il cane domentica la borsa e mangia molta basura.
una donna che ha fatto shopping ieri, oggi decide che non vuole queste scarpe e vestiti.
Allora, queste cose vanno in aria e poi nel piano.
la Donna al tavolo dice ,""Oh mio dio!"" perche lei ha bisogno delle scarpe e vestiti nuove.
""È un miracolo!""   E tutti vivono molto allegri, specifamente il rubato.
ALLA STAZIONE ";inglese;?;1;stazione;19-25;un
clarapanico051;"
 XXX altra giornata quando sono uscito la stazione  
C'èra tre persone hanno visto allorologio .
Penso che XXX siano molto confusione perchè litigano di iltreno partiti due uomi uscivano il treno con una valigia .
Alla  ristrante di stazione c' era molti persone Con molti problemi .
Una donna a una tavola ha avuto un  cane  e il cane è  corso da il tavolo
  Quando li Correva , la tavola è caduto e tutte le cose sul tavola  sono andati la XXX.
Un contini di le scarpe e i calzini è caduto sul un uomo e una donna passiggavano insieme .
 Un uomo   fumava ,  ha  visto tutti .
 due persone baccava per molti tempi .
 Un uomo passiggava e lui era un po creepy  .
 LA STAZIONE ";inglese;spagnolo;?;stazione;19-25;un
Clarapanico053;"
 In la stazione dell' autobus c' era un disastre .
Un uomo corra e guarda per un altro uomo .
i caffè della nonna ha fatto una macchia sul cappotto e sulla tavola .
il cane corra perche   ha volgia di mangiare tutti que posa .
Il uomo que ha mettXXXo il cappello fuma .
La ragazza que è fitanciato con il ragazzo ha  arrivato e da un baccio .
Sono le due del pomeriggio .
L' autobus que ha arrivato c'è multi valiggi .
Il uomo auita la ragazza con il valigge .
Il uomo con i capelli biondi  va  a gustare l'autobus.
IL DISEGNO DELLA STAZIONE ";inglese;?;?;stazione;19-25;un
Clarapanico055;"
       LA STAZIONE Questa è una stazione loca ! È alle tredici , è ci sono molte persone qui .
Due ragazzi , una donna ed un uomo si  abbraccerano , perchè stanno  partendo .
L' uomo  indossa una copetto e la donna indossa una giacca e gli stivali .
Anche , c' è un uomo  chi indossa tutti i vestiti neri ed appare male .
C'è una valiga peina  di scarpe che sta cadendo  dal celo .
 Sulla terra , ci sono le piatte , le bicchieri , e le bottiglie  roti .
Anche una vagligXXX aperta piena di carne .C'è un tavolo con una  macia grandissima .
C'è una donna ancienna chi porta una borsa ed indossa un cappello , un copetto , un' abito , e le scarpe .
Me sembre che lei non è felice .
C' è un cane libero che sta correndo .
Ugnuno deve pulire questa stazione ! C'è un uomo ancienno chi sta mirando tutti .
";inglese;spagnolo;?;stazione;19-25;un
Clarapanico057;"
 Il stazione dell' autobus è dove passa tutti della vita .Viaggi amore ,paura ,nonni ,carne e cane - si  puo vedere tutto il mondo in uno solo stazione .
Guarda : Un ragazzo e una ragazza bacciano come che sono enamorata ,ma solo è un spectaculo per prendere i il amore vero di questo ragazzo chi baccia appassionatamente .GuardXXX La donna indossa in una gonna di fiori sogna di sua sorella parapallegica e sua mama povera mentre parte  con un signore chi dice che lei puo essere una nuova Amici per la programma di TV .
 Guarda : Una nonna fa sua exercizi di yoga , una cane corre con libertà,ci sono botigli di vino e piati con panini .
Si .
certo .
Il stazione è dove si trova la vita ,davvero .
LA STAZIONE ";inglese;russo,spagnolo;?;stazione;19-25;un
clarapanico060;"
        La stazione è piena di gente ed azione .
 Una donna ha rotto un tavolo e ha perduto il suo pranzo .
C'è ancora una macchia grande sulla tovaglia .
Un cane ha escapato ed è corriendo nella stazione .
 Forse il cane ha rotto il tavolo ! C'è un tavolo con un pasto abbandonato sullo ,ma la persona che manngiavXXX è introvabile .
C'è un criminale nella scena che guardXXX le gente .
È speranzo trovare una persona oblivia .
Un altro uomo , che si veste un cappello nero ,fumXXX una sigaretta .
Lui posse essere un' accomplice del criminale .
 Una coppia non guarda la azione perche loro baciano passionamente .
E tutta questa azione ha successo prima della una del pomeriggio !  Che un giorno caotico ! IL DISEGNO DELLA STAZIONE                      ";inglese;spagnolo;1;stazione;19-25;un
Clarapanico061;"
 Alla stazione , un ragazzo bacia la sua ragazza perchè lei va a Siena per una vacanze .
Al ristornate , il tavolo di una donna è roto , e  le sue cose sono sotto il tavolo .
Mentre lei urlava ,  il suo cane andava  trovava la cena .
C'è un uomo chi  fuma e guarda tutti i personi .
Un  autobus  è roto ,   ed anche la stazione ha bisogno pulirsi .
Non è una stanza bella .
Prima l' autobus va , molti personi mangiano il pranzo al un ristorante americano .
Non è buono , ma la gente hanno bisogno mangiare prima  vanno .
Il ristorante  vende i panini , l' insalata , e la pizza .
Questa è una stazione pazza !! ";inglese;?;1;stazione_C.txt;19-25;un
Clarapanico063;"
 L' autobus arriva alla stazione .
L' uomo con la giacca nera uscito  l' autobus .
Lui è male ! Lui ha corruto  e  ha visto per i soldi .
La donna sulla sedia ha paura perchè il tavolo è nel  piso .
 I carni , il vino e i piati sono nel piso .
Il cane  ha corruto  L' uomo con il cappello nero  ha fumato .
 Mentre  l' uomo con la giacca nera  vedeva per i soldi ,una donna con la vialage ha camminato .
C' era un giornale alle piso .
 Nel tavolo ,   è stato vino ,una bichiere , un piato , un cafè, un forchetta , e un coltello .
C' erano quattro borse nella stazione .
L' uomo e la donna  abbiamo viaggato .
Il tavolo ha volato !   ";inglese;?;1;stazione_C.txt;19-25;un
Clarapanico064;"
 Su questa pagina , ci sono molte  persone pazze .
Lei mangiava la sua colazione quando un cane ha guastato  la tavola .
Quindi , ha perso la pasta , lei , e adesso è molto arrabiata , e urla ! Questo ragazzo ha visto tutto e non sa , che fare .
Anche pensa lui che la donna è bellisma e le vuoleva avvicinare quando questo è successo ; XXX adesso lei la piace abbraciarsi ? 
Forse la piace essere così? 
Allora , c'è un problema .
Lui è un solo ragazzo e non vorrebbe essere contento ognuno .
Forse fermà il ragazzo che indossa nera ( che sciccaso ,no ? ).
";inglese;francese;1;stazione_C.txt;19-25;un
Clarapanico066;"
   Ci sono le persone .
Il uomo  ha un cappello di maglia ,  una giacca , e una barba .
Il altro uomo che indossa i  vestiti neri ha un cappello di maglia ,una giacca , i pantaloni , e le scarpe .
Lui ha una valigia anche .
Ci sono venti-uno persone  che sono nel  stazione dei treni .
Ci sono quattro  valigie .
Le ore sono due ( o quattordici ).
Nella cassa  aperta  ci sono  le  scarpe .
Sul tavXXX ci sono il piatto , , una bottiglia , una forchetta , un coltello , una coppa , e il cibo .
Ci sono una donna e un uomo iXXX La donna ha i stivali , i pantaloni , e una giacca .
Il uomo indossa i panataloni , le scarpe , il cappotto , e ha  i capelli marroni .
La dXXX ha i capelli bionXXX  Sulla terra , ci XXX le coppe e i piaXXX rotti .
Il ceXXX è partito  della donna mentre la  gente vedeva .
Qualche persXXX   sono usciti  XXX stazione mentXXX la donna e  il uomo  baccXXX La donna viecXXX mangiava guXXX  il suo cane  è partito .
";inglese;?;1;stazione_C.txt;19-25;un
Marilisa034;"
 Il vechio uomo vede come una giovane coppia si è ritrovata e con pasione fanno un lungo bacio .
Il vechio uomo stà emozionato perchè questa scena li ricorda la sua giovinezza .
Il casino che c' è nella stazione non può disturbare la sua attenzione sulla coppia .
In fatto , un attimo primo , un uomo correva per la stazione seguito da due poliziotti e hanno provocato un incidente con i tavoli del bar i quali sonno caduti per terra .
Il forte rumore ha provocato la paura al cane , e alle altre personne che c' erano , ma , solo la coppia innamorata e il vecchio uomo che la guardava hanno rimasto tranquilli senza sappere che cosa passava nella stazione .
";spagnolo;francese,inglese;?;stazione_C.txt;26-30;un
Marilisa037;"
 Il cane della donna ha iniziato tutto .
Ancora non ha un anno e li piace giocare con tutto ma , questa volta , ha fatto un casino .
L' urlo  della donna ha aspaventato alla coppia con le scatole  , che hanno fatto cadere la tavola e tutto quello che  aveva sopra .
Se ne sono accorti gli inamorati ? Credo di no perchè una settimana senza vedersi è molto ...
se non fosse perchè il treno non è riuscito a partire ! Guarda indietro : c' è il meccanico !  ";spagnolo;?;?;stazione_C.txt;26-30;un
Marilisa039;"Stazione Central “ Accidenti ! Accidenti ! ” Urla la signora che aspettava il prossimo treno delle 2:30 per Milano .
“ Il mio Cane ! Il mio cane ! ” - Subito un uomo che gli stava  vicino ha iniziato a correre in dietro dello cane che aveva distrutto un tavolo dello ristorante .
Allo stesso tempo di tutto questo vicino a un lavoratore vediamo un ultimo bacio , prima della partita .
“ Ciao bella buon viaggio ! ”";spagnolo;?;?;stazione_C.txt;26-30;un
Marilisa041;"
 Era un giorno che sembrava normale alla stazione centrale però c' era  un rumore e una agitazione .
Un ladro aveva apena scipato la borsa di uno dei pasegeri , mentre scapava ha versato un tavolo di una signora che prendeva tranquillamente un tè , Ha spaventato un canne ,che come mì prova|va di scapare .
In fine della storia è il ladro è riuscito a scapare perchè la polizia italiana è ignorante , non allenata è incapace , ma il più bello di tutto questo è che una copia che aspettava il treno non si ha accorta di quello che sucedeva , avevano una preocupa|zione  maggiore che era di essere felice dal inizio al fine di loro vacanza .
";spagnolo;?;?;stazione_C.txt;26-30;un
marilisa043;"
 Non se vede bene di dove esci il cane , in somma la scena centrale del bozzeto è un autentico casino perchè ci sono molti personaggio che non se sa che fanno veramente .
Si devono disegnare un altra volta le valighe chi cadonno affinchè  potessimo sapere perchè c' è tanta alterazione e nervosismo .
Secondo me sopratutto l' uomo che è in mezzo della stazione di treno è molto violento e non se sa perchè .
Invece  la coppia  che si bacia non sembra rendersi conto di niente di quello che succede intorno a loro .
In qualche modo l' amore gli ha accecato  .
";spagnolo;?;?;stazione_C.txt;26-30;un
marilisa044;"
 Secondo me questo sembra una stazione di treno di una città del sud .
Dico del sud perchè sono stato a Napoli e mi la ricordo tanto ...
tutto sporco , molta gente dentro , anche c' è un ragazzo che mi sembra che vuole “ prendere ” qualcosa che non e sua .
Anche mi sembra una stazione un po strana perchè ci sono tavole di un bar nell mezzo , e non dovevano essere la perchè questa è una zona di transito di tutti quelli che viaggiano ; che salgono e scendono del treno .
In una di queste tavole c' è una signora che era seduta prendendo un cafe ma ha avuto un incidente perchè , non so di dove , è caduto una valigia che ha fatto cadere tutto  ciò che c' era sull la tavola .
C' è un' altra valigia che è cadendo sopra di la copia e il uomo si vuole protegere a se stesso e anche la donna che va con lui .
Mentre tanto , l' altro uomo li ruba la valigia alla dona .
";spagnolo;?;?;stazione_C.txt;26-30;un
marilisa047;"
 In questo bozzeto non si vede bene che relazione può esistere  tra tutta questa gente .
Tuttavia , possiamo dire che tutti sonno nella stazione e che ognuno fa qualquosa .
Vediamo come ci sono alcuni che comprano il biglietto o chiedono informazioni , oppure quel posto che se vede in fondo a sinistra potrebbe essere una edicola , quindi comprano qualche giornale o magazine .
In uno dei treni si vede come una ragazza già è salita ma c' e una persona fuori che le da qualcosa , potrebbe essere suo padre che la aiuta o forse le da qualcosa che lei aveva dimenticato prima di partire .
Del altra parte  , se può apprezzare una situazione di nerviosismo da alcuni , ma ci sono altri che aspettano tranquillamente mentre fumano una sigaretta .
Anche c' e una copia , si  vede come si bacciano , sembrano molti innamorati ...
";spagnolo;?;?;stazione_C.txt;26-30;un
Marilisa055;"
 La imagine sintetiza il sviluppo di un gruppo di azioni derivate d' una  prima che è la sfuggita d' un piccolo cane .
Il schizzo trasmote il movimento, la velocità della azione.
Ci sono molti elementi costitutivi della immagine .
Non trovo tutti facilmente identificabili .
Nella mia oppinione il autore gioca a creare questa sensazione di caos , confusione .
Il contesto è quello di una stazione di ferrocarrile dove le diverse persone che appariscono fanno delle diverse attività .
Ci sono quelli che aspettano il treno , qualli che salutano ai suoi , quelli seduti nei tavoli di un caffè ...
Il fatto della apparizione d' un cane in corsa sconvolge l -  Queste animale fa cadere tutti gli elementi del tavolo sul quale una vechia signora prendeva una torta , le baliggie appariscono elevati “ nel aria ” ? qualcuno aprofita la confusione per roubare una baliggia , l' altra coppia rimangono come si nulla avesse sucesso e ci sono anche qualli chi non si sono accorti .
";spagnolo;?;?;stazione_C.txt;26-30;un
marilisa058;"Sono le 2 pomeriggio  di un sabato d' aprile in mezzo la stazione Porta Nuova affinchè Io e i miei amici possiamo prendere un treno che ci porti a Padova per andare a un concerto .
Purtroppo , ci troviamo in un posto tanto affollato , caotico , estressante .
Siamo in  fretta per arrivare al binario numero due .
Ci   troviamo una coppia troppo appassionata che non ci permette passare , inoltre , un uomo caricando miole baliggie e quindi anche lui ci blocca .
Addirittura , un cane che corre in mezzo un ristorante e sfortunatamente  , fa cadere uno  dei tavoli .
Questo è come un vicolo cieco : le baliggie dell' uomo , la coppia che si baccia , il cibo a terra che fa scivolare ...
Ma quello che veramente ci disturba è un uomo che fuma , quando tutti sanno che è vietato !  Tutto è così sporco : un giornale a terra , le bevande fra il pattume e anche c' è tantissimo rumore : il cane , la signora arrabbiata perchè il cane l' ha lasciato senza mangiare , le fanciulle che salutano piangendo ai loro ragazzi , l' operaio  che guarda la coppia e canta : “ il tempo va , passano le ore , e finalmente faremo l' amore ...
” mitica canzone d' Alex Britti .";spagnolo;?;?;stazione_C.txt;26-30;un
marilisa059;"
 Questa potrebbe essere una scena clasica a una stazione di treno Ita|liana .
Sono le due di pomeriggio e la la stazione è un vero casino .
Per gualcuna strana ragione i cani sono in tutti posti ( Nella stazione , nei tram , nei treni , nei bar , ecc ) .
Noi non possia|mo fumare in nessuna parte , ma loro possono andare liberamente in tutti posti , e , essendo cosi , il pasticio è seguito .
Un cane fuori di testa vuta per terra il tavolo di un cafe .
la anzia|na seduta al tavolo sofre un colpo  di cuore .
Qualcuno si gira per guardare la scena , momento che un ladro apro|ffitta per prendere la valigia che una coppia di distratti turisti .
Sicuramente , qualcuno ha visto il furto , ma nelle grandi città i problemi dei altri , alla gente non li fregano un cazzo , e cosi scappa liberamente .
Va bene?  ";spagnolo;?;?;stazione_C.txt;26-30;un
marilisa060;"
 È una scena simpatica .
Secondo me è il cane il protagonista di una scena dinamica che  si svolge dentro di una stazione di treno .
Forse il cane ha scappato del suo proprietario e ha cominzato a correre ; è andato sulla tavola del bar e la tavola si si è caduta con tutto ciò che stava sulla stessa assieme .
Una scattola che era sulla tavola è andata in aria per causa di questa e ha spaventato una coppia che si trovava indietro con le valigge  ; il uomo in centro che ha visto come il cane è andato sulla tavole guarda dove va seguendolo con lo sguardo pronto per correre tra di lui per evitare più catastrofi .
Fuori di la scena principale si trovano ancora una coppia che si bacciano ignoranti di tutto e un uomo che osserva mentre fumano  una sigarretta .
";spagnolo;?;?;stazione_C.txt;26-30;un
paola030;"
 Questa stazione mi sembra diversa e  speciale , come quelle che vediamo spesso nei film .
Ci sono molti personaggi , ognuno con la sua storia , che "" si incontrano "" in questa stazione .
Possiamo vedere a una bella coppia che si baccia , perchè di sicuro alcuno di loro partirà.
Poi , c'è un uomo che porta una valigia e che pare un ladro .
C'è anche una maglia seduta al bar de la stazione e si vede come la sua valigia e il suo pranzo sono adesso in terra perchè la tavola è caduta .
Nella stazione possiamo anche vedere un uomo un po' vecchio e misterioso che osserva tutto quello che succede .
In generale , la stazione è "" disordinata "" e  mostra la fretta con cui viviamo ogni giorno in questa società, dove ognuno a la su storia da racontare e il suo cammino da seguire .
Infatti , essere in una stazione è un bel modo di cominciare il viaggio de la nostra vita .
";spagnolo;inglese,francese,tedesco,portoghese;4;stazione;19-25;un
paola031;"Sonno le due alla stazione di Ferrocarrile di Siracusa.
È un' ora di abbastanza aggitazione per essere domenica .
C'è già molte  persone  aspettando i loro treni che andrano da Germania, dalla Costa Azurro e da Barcelona.
Di recente , un treno di Milano è arrivato 15 minuti più tarde di l' ora ; una ragazza bionda e attrattiva è tornata di questa cità dove lei lavora come modelo per visitare suo marito siciliano .
Si besanno con tanta pasione che mentre , un uomo con cative intenzione sustrae loro cose .
Due turiste tedeschi sono uscite di il treno in quello momento , ma non hanno visto qualcosa ; non sono sentito la azzione d' il ladrono che si vado subitamente .
Il uomo tedesco  non puoi vedere la carta senza occhiali ; veramente puoi vedere niente ...
per dire la verità non è ancora sentitto qualcosa  quanto un giotto è andato pressto alla stazione e ha derribato la tavola dove mangiava una vecchia donna .";spagnolo;inglese,tedesco,catalano;1;stazione;19-25;un
roberta027;"
 In questa imagine possiamo vedere una situazione confussa .
La stessa si sviluppa in una stazione di treni .
Si vede tante persone in diverse situazioni .
Sotto il orologio , dove si trovano tutti li orari di partenze e arrivi , possiamo vedere tre amiche guardando li orari .
Vediamo anche  un signor aiutando a una signora  scendere del treno .
Nel centro della imagine si trova la confussione perche ć è  una coppia bacciandosi , una signora chiamando al suo cane , un signor che senza volere lascia cadere suoi pachi sulla  tabola della signora .
Infine , questa stazione ha molti situazione diverse al stesso tempo e la gente non vedeno che ocorre vicino  a loro .
";spagnolo;inglese;1;stazione;19-25;un
roberta036;"
 - Quest' immagine rapresenta la gente in una stazione .
C' e una donna che non c' e la fa piu del rumore e prova di chiudersi gli orecchi .
Sembra che il rumore gli da fastidio .
Vicino di lei , c' e un tavolo in terra forse qualcuno l' ha fatto cadere .
Il suo cane ha avuto paura e quindi si è scapato .
C' e anche una coppia che si sta bacciando , la separazione sembra troppa difficile .
La donna ha lasciato la sua borsa in terra .
Possiamo anche vedere un uomo con un capello nero che tira la sua valigia .
Penso che fosse lui che ha fatto cadere il tavolo perchè era in fretta .
C' e un vecchio che sta fumando una sigaretta .
";francese;arabo,inglese;1;stazione;19-25;un
;"
 Questa scena si succede alla stazione ad un' ora dove c'è molta gente .
Ci sono delle persone che salgono o scendono dei treni , altre persone stano aspettando , si vede anche una coppia che si sta baciando , un ladro che tenta di scapparsi ...
Sono le due del pomeriggio .
Un uomo vestito come una donna stava mangiando mentre il tavolo cadde per terra .
Un cane ne ha profitato per prendere una salsiccia .
 Possiamo anche vedere un meccanico geloso quando guarda la coppia innamorata .  Un vecchio uomo sta fumando osservando questa scena alla stazione .
Forse lui è un' artista , uno scrittore che si ispira di quest' agitazione per sviluppare la sua fantasia e poter scrivere il suo prossimo libro ...
Infatti , a quest' ora , la stazione è un grande casino !  ";francese;inglese;3;stazione;19-25;un
roberta038;"
 Questa scene si svolge nell' una gara di treni .  Possiamo vedere tre treni in gara , nel questo di mezzo  due persone scendono una valisa .
Sulla destra della fotografia , c'è un copia , apparamente fa un momento che non si sono vedere , dunque abbraciarsi .
Dientro , un mecanico  li guarda , mi sembra un po galoso !  Nel centro dell' imagina c'è una persona un po strana , vestita di nera , sembra un ladro .
Dientro lui , una donna  lo gardo con un po di paura .
Sulla sinistra è suceedo un piccolo accidento , un cane ha rinversare una tavola e tutte le cose sotto sono , adesso ,  Sulla terra .
Il cane sta corrire e la sua proprietaria è su una siede e prova di chiamar lui .
Possiamo vedere , ancora , una scattola con delle scarpe nell' aria , dunque il cane  c'è ne andatto pocco tempo fa .
  Nel primo plano possiamo vedere un  vecchio , lui fuma .
 Possiamo ancora vedere un  poster con una fotografia d' isola , forse questo è una pubblicità di un' azienda di viaggi .
 Nel fondo dell' imagina , ci sono delle personne chi entrano e escono della garo e  chi salutarsi È l' una ,  del pomeriggio perchè possiamo ancora vedere delgli piatti del pranzo sulle tavole e delle tasse per il cafè.
";francese;inglese;+;stazione;19-25;un
roberta039;"Questa imagine  descrive una  stazione di treni caotico .
Ci sono tantissime genti di diversi eta , color di pele e anche situazione echonomico .
Il orolochio appunto a la 1 ( credo que del  pomerigio "" ma deb' essere inverno pergue tutti sono con capellini e pantaloni lungo .
Un cane si a scopato della signora  chiera pranzando , forze ha visto un goto .
Un ragozzo e una ragozza si stano bachiando e un vechio e un mecconico gli stano  guardondo .
La stazione sembra vechia e che troppo cosino , ma i treni sono moderni e tutti puliti .
A lo lontano si puo  ver un ristorante di "" fast-faod ""| Como conclusione deblo dire que questa stazione non mi piace per niente .";spagnolo;inglese,francese;1;stazione;19-25;un
roberta040;"
 Il giorno in la stazione persa :| Oggi è un qualche giorno nella stazione persa sempre è lo  stesso e i atti si succedeno tutti giorni della medesima forma : i treni che parteno a qualche destino solo conosciuti per chi salgono in loro .
È la una ,  farse la ora più affollata della stazione , le coppie si  salutano prima di partire per un periodo più o meno lungo di tempo , Il barbone aspeta come  se  apetasse  il aviso deill suo treno ; il sempre presente uomo strangno que guarda tutto  ma  non vede chi sono acanto suo e la signora spaventata per avere buttato  sull suolo il la  arroba che portava di ritorno a sua casa , mentre il suo cane tenta scapassi per giocare nella spazzatura .
Anche operai , chiave inglesa in  mano , i raggazini cresta  punk addiritura tentando di fare il viaggio gratis .
tutti loro sono oggi cui e domani sara lo stesso .
";spagnolo;inglese;1;stazione;19-25;un
roberta041;"Sul quadro si vede una situazione all' una stazione centrale alle 11 .
Nel fondo  si vede tre treni e dall' uno scende una donna con il suo bagaglio .
A sinistra è mostrato una cosa simile ad un restaurante dove siede un uomo che sembra molto  arabbiato sulla situazione .
A destra c'è una copia baciandosi mentre un uomo con i vestiti bui ruba il bagaglio .
Un cane corre fra il quadro .
Sembra che il proprietario l' ha perso perchè porta anchora la cosa che tiene normalemente il proprietario .
Avanti si vede un uomo che occuppa tutto che succede .
È un uomo dal mare .
Tutto è molto caotico e un grande casino e si  vede sopratutto molte spazzature .
La stazione ne è pieno .";tedesco;inglese,francese;2;stazione;19-25;un
roberta125;"
 In questa stazione , c'è un uomo che rubare una valige .
Ci sono treni .
Un uomo e una donna sono innamorati perché baciano XXX.
Sono una coppia .
Un cane rovescia un tavolo e il cibo .
È la confusione .
La cena è per terra .
Il cane core .
Ci sono colonne con locondina .
Il ladro spinge un uomo .
Il tavolo è macchia .
";francese;inglese,tedesco;2;stazione;14-18;sp
roberta130;"
 La scena si svolge in una stazione .
Posso vedere all' orologio che sono due XXX ore .
 È la con fusione nella stazione , un uomo porta i pacchi , fa cadere un dei pacchi .
Il pacco rovescia la tavola della donna che stava mangiando .
I cibi sono caduto per tera .
E possible che il cane stà corriendo ,  aveva spaventato XXX e ha fuggito .
La donna sempre XXX, è confusa perchè il suo cane si è fuggito .
Un uomo vestito in negro , approfita della con fusione per robare il valise di  XXX che  stanno baciati .
Il complice li aspetta , è anche vestito in negro , ";francese;inglese,spagnolo;2;stazione;14-18;sp
roberta144;"Nella stazione .
La scena passa en una stazione .
Ci sono molte azioni , ma tutta l' attenzione parece essere affascinata per una azione speciale .
Per cominciare , descriviamo le differente azioni .
Al primo piano possiamo vedere un uomo che somiglia a un marino , guarda enamorati che si braciano .
Dietro di loro , un meccanico guarda a un uomo , vestito de noro , che è springiuto a un uomo .
La donna che è con il uomo springintato guarda anche nella stessa direzzione che un' altra donna , che è seduta a una tavola con cibo , ma  la tavola è rovesciata , un cucciolo corre dopo una cosa , una azione che se passa dietro del cornice della foto .
Che può essere ?";francese;inglese,spagnolo;3;stazione;14-18;sp
roberta148;"È una stazione molto agitata ! In questa stazione ha due innamorati che si sono baciando .
Possiamo supporre che uno de loro va .
Accanto a loro c'è un meccanico che tiene en la mano utensile per riparare .
Nel mezzo del disegno , c'è un uomo strano che sembra fuggire qualcuno .
Sembra in collera , possiamo dire questo con la sua espressione in la sua faccia .
In questo disegno c'è un XXX cane che se scappa de la sua padrone .
Dietro l' uomo stano che XXX è nel mezzo del disegno c'è una coppia .
L' uomo porta qualche pacchi .
Y due pacchi sono per terra sventrati .
In primo piano vediamo un uomo che porta un berretto .";francese;inglese;3;stazione;14-18;sp
roberta151;"In questa stazione c'è molti sceni , e elemento principale è gli stupiditi del cane .
Il cane monta su la tavola della donna e questo animale ha rovescia tutta la tavola .
Il cane sporca la donna che si trova a vecino de la tavola .
Questo incidente ha turbato tutta la stazione perchè tutti gli genti guardano il cane .
Al centro dell' immàgine c'è un uomo strano che vuole acchiappare il cane .
";francese;inglese,spagnolo;3;stazione;14-18;md
Roberta152;"
Ci sono parecchie personne in questa stazione .
In primo piano vediamo la testa di un  anziano con un berretto e una sciarpa .
Vediamo anche un cane nel centro della stazione .
Tutte le persone guardano nella stessa direzzione .
Possiamo dire che cualcuno della stazione ha datto un sparo perché la signora alla destra se tappa le orecchie e la sua tavola dove sta mangiando è caduta .
Vediamo anche una scatola che sta volando con scarpe .
Vediamo una coppia inammorata che si bacia  Vediamo un uomo nel centro che sembra avere paura perché guarda una cosa che non possiamo vedere .
Sembra un poò immobile XXX  cattivo per la cosa o la persona che guarda .
Questa immagine è un pò misteriosa perché non vediamo la cosa che è il centro dell' azione .";francese;inglese,spagnolo;3;stazione;14-18;?
roberta228;"
 Cane scapato Roma.
Ieri notte nella stazione Termini c'èra un incidente grave quando un cane feroce è scapato .
Non c'èrano feriti , anche il cane  non portava una muserola .
Fortunatamente il danno non era molto grave .
e tutta la gente solo era terrorizzata .
Alle due quando arrivava il treno di Torino e molta gente stavano al  binario , un cane grosso e molto feroce si liberava con il suo  guinzaglio e scapava velocemente .
Scapando tirava giù una tovaglia di un tavolo nel ristorante e rottava la stoviglie .
Dopo correva contro un uomo togliendo il suo zaino .
Anche una coppia in amoro era molestato di questo cane .
Mezza ora dopo un mecanico  coraggiato riusceva cacciare il cane feroce è metteva alla polizia di stazione .
Il proprietario  non conosciuto puo  prendere il cane del canile a  Roma.
";tedesco;inglese,spagnolo;3;stazione;oltre;un
roberta230;"
 A l' una alla stazione sono sempre tante persone , aspettano la departura del treno .
Certo , alla statione ce una bar , sala attesa e ance un ristorante .
Il pavimento abastanza sporcato .
Un cane escapa , togliendo un tavolo pieno di mangime , brioch , aqua minerale , salsicice e altre cose .
Un disastro .
Un ladro ruba una valigia , rompendo un uomo .
Lui perde le  sue paketti .
La valigia  rubato e  di una copia in amore , naturalmente loro non sentano niente .
Un lavoratore aspetta con attrezature in mano .
Un uomo veccio observa la situatione 
";tedesco;inglese,francese;+;stazione;oltre;sp
roberta231;"Siama alla stazione all' oro 14h .
Tanti treni asspetano che i viaggiatori scendono o arrivano .
Presto i treni vanno partire .
Una coppia si abbraccia per dire arrivederci e un operaio del treno gli osserva .
Un ladro a preso un valige e va via veloce .
Mentre un altro uomo perde il suo valige e tutta la roba va buttato via In fronte c'è un uomo  aspettando sua moglie .
Su una tavola  c'è un piatto , una forchetta e un cotello , una bottiglia di vino , un bicchiere d' acqua  e una tassa .
Una donna sta seduta e crida mentre un' altra tavola cade per colpa di un cane chi corre doppo avere messo tutta la roba parterra .
Un giornale e degli rifiuti sono parterra .";tedesco;inglese,francese;+;stazione;oltre;md
serena030;"
 Il casino alla stazione di Venezia Alle due il treno da Padova è arrivato puntualmente .
Di solito arriva in ritardo .
Però questa volta tutto era diverso .
Alla stazione di Vanazia c' era un casino che causava paura .
C' erano due anziani vestiti in nero che erano colpevoli per questo caos .
Uno dei due correva da una parte all' altra per rubare velocemente le cose di valore degli passanti .
Una donna che sedeva al tavolo di un bistro li ha osservati .
Per questa casa l' altro dei due mascherati ha buttato a terra il tavolo a cui sedeva la signora .
Lei se ne è andata subito e ha chiamato la polizia .
 Quando i ladri volevano andare via , una coppia ha lanciato una valigia verso uno dei personi criminali , però non l' ha colpito .
I due ladri erano scappati quando la polizia arrivava .
Un' altra coppia che si baciava tutto il tempo , quando succedeva il giallo , era sorpresa quando un poliziotto è venuto da loro e li ha chiesti , se avbrebberò notati qualcosa speciale ...
";tedesco;inglese;3;stazione;19-25;un
serena033;"
 Erano le due del pomeriggio .
La stazione centrale era abbastanza affollata di gente .
Persone aspettavano alla partenza , arrivavano , mangiavano , chiacchieravano ...
una giornata normale .
Signora Caluzzi , che era arrivata per prendere suo nipote dalla stazione per accompagnarlo a casa sua , si è seduta nel café .
 Naturalmente è arrivata troppo presto .
A volte lei si chiedeva perché .
Di solito esce dalla casa almeno un' ore prima dell' ora dell' appuntamenti .
Vivere da sola non fu adatta per lei - non si trovò a suo agio .
Che bei tempi quando visse  ancora Giovanni ! La cameriera arrivò e chiese : "" Che cosa desidera ? "" .
Ordinò un café e un' acqua .
Aspettò .
Ancora mezz' ora .
All' improvviso senti un grido forte .
Accanto al suo tavolo si svolgeva una scenata come in giallo : Un' uomo giovane che prima aveva aspettato sotto l' orologio della stazione , iniziava a correre e stendeva la mano alla borsa di una donna con un cane .
In questo momento gli avvertimenti si susseguono con rapidità travolgente : Dalla folla si staccò un ' altro uomo (  la Signora Caluzzi presumava che sia un poliziotto ) e voleva afferare il ladro , ma  esso invece era più veloce .
Dava una mazzata al petto del poliziotto e si obrigava ad andarsene con la tasca .
Il poliziotto  perdeva l' equilibrio  , barcollava indietro e dava una spinta ad un uomo con tre scatole piene di cibo .
Le scatole cadevano a terra e sul tavolo della Signora C .
, e naturalmente il tavolo anche cadeva subito .
La donna attaccata  già  inseguò il ladro , il suo cane indietro .
Ormai anche il poliziotto riusciva ad  e  gli dava la caccia .
 Per un momento la Signora C .
non si muoveva .
Poi aiutava a cogliere i cibi dalla terra , riflettando che a volte sicuramente vale la pena di arrivare troppo presto ...
 ";tedesco;inglese,francese;2;stazione;19-25;un
serena051;"
 È l' uno  nella mattina Ci  sono  tante persone nella stazione , salutando o dando il benvenuto .
Un artigiano observa diffidentemente una coppia baciando ,  che è tanto occupato con baciare che non nota il uomo fregando una delle sue valigie .
Ma c' e un uomo vecchio che vede , fumando , la rapina .
Nel bar è seduta una donna , imbratato con il cafè e chiamando il  suo cane , il malfattore che si ha liberato con forza della gamba del tavolo .
";tedesco;inglese,arabo,spagnolo;+;stazione;19-25;un
serena052;"
 Vedo una stazione , ci sono i treni , tre treni .
E' due ore , e in questo momento succede tanto .
C' e un uomo con un berretto , che sta fumando una sigaretta giù  destra in questa immagine .
E una stazione molto sporco , c' e una gazetta , una bottiglia rotta , i salumi , una tazza , e tanti altre cose sul suolo .
C' e una coppia , credo che non sé hanno visitato un lungo tempo .
Lui porta un mantello lungo , i calzoni , ma i stivali , é una donna slanciata e bionda sua ragazzo ha i capelli nero ? Loro sé stanno bacendo .
Si vede un meccanico che sta guardando a questa coppia , e sta tenendo uno strumento .
Si vede anche un uomo con vestiario nero , e non sono secura , ma credo che lui sta rubendo una valigia , perché lui sembra sospetto .
C' e una donna sinistra , con un cappello , sua cane sta fuggendo .
 ";tedesco;francese;1;stazione;19-25;un
serena054;"
 È l' una .
Una donna e un uomo si baciano .
Non sembrano spaventati .
C' è un ristorante dove sede una donna .
Il tavolo davanti alla donna è caduto a terra .
Si vede le stoviglie e la macchia sulla tovaglia del tavolo caduto .
Un uomo a meta del quadro sembra come un ladro , perché è vestito completamente nero è fa un viso come se sia un ladro .
Si vede tre treni .
Intorno agli altri tavoli del ristorante non ci sono delle persone .
A destra si distingue un affisso , evidentemente pubblicità per le vacanze .
Il giornale si trova al fondo dell' aula della stazione .
Mi pare che al centro del quadro non sia così tranquillo come al resto .
";tedesco;inglese;1;stazione;19-25;un